{"stat.chestOpened":16,"stat.pickup.tconstruct.book":1,"stat.craftItem.umm3185118519.pearl":27,"stat.pickup.minecraft.bone":6,"stat.useItem.minecraft.stone":4,"stat.pickup.thaumcraft.curio":6,"stat.pickup.thaumcraft.log_silverwood":4,"stat.pickup.thaumcraft.cloud_ring":1,"stat.pickup.minecraft.arrow":6,"stat.craftItem.minecraft.cooked_porkchop":15,"stat.mineBlock.minecraft.cobblestone":1,"stat.pickup.minecraft.stone_pickaxe":1,"stat.pickup.minecraft.stone_axe":1,"stat.mineBlock.minecraft.sandstone":1,"stat.drop.minecraft.cooked_porkchop":1,"stat.jump":1914,"stat.swimOneCm":9815,"stat.pickup.minecraft.coal":94,"stat.fallOneCm":87700,"stat.climbOneCm":223,"stat.pickup.minecraft.iron_ingot":8,"stat.mineBlock.thaumcraft.ore_amber":13,"stat.pickup.minecraft.cooked_porkchop":9,"stat.pickup.minecraft.carrot":6,"stat.useItem.minecraft.stone_axe":73,"stat.pickup.minecraft.porkchop":28,"stat.pickup.minecraft.gunpowder":25,"stat.crouchOneCm":10251,"stat.mineBlock.thaumcraft.plank_silverwood":1,"stat.pickup.minecraft.spider_eye":1,"stat.pickup.minecraft.dirt":22,"stat.useItem.minecraft.dirt":14,"stat.pickup.minecraft.red_mushroom":1,"stat.useItem.minecraft.stone_slab2":8,"stat.craftItem.umm3185118519.pearl_pickaxe":1,"stat.useItem.minecraft.cooked_chicken":1,"stat.craftingTableInteraction":14,"stat.pickup.minecraft.rotten_flesh":10,"stat.pickup.minecraft.sand":5,"stat.craftItem.minecraft.furnace":1,"stat.craftItem.minecraft.stone_axe":1,"stat.pickup.minecraft.wooden_pickaxe":1,"stat.damageTaken":1381,"stat.pickup.minecraft.leather":5,"stat.pickup.minecraft.feather":2,"stat.useItem.tconstruct.throwball":4,"stat.drop.minecraft.bone":5,"stat.mineBlock.minecraft.red_flower":1,"stat.craftItem.minecraft.stone_pickaxe":1,"stat.useItem.minecraft.wooden_pickaxe":22,"stat.craftItem.minecraft.cooked_beef":11,"stat.killEntity.Enderman":1,"stat.pickup.minecraft.cobblestone":427,"stat.pickup.minecraft.planks":24,"stat.pickup.minecraft.reeds":6,"stat.flyOneCm":452244,"stat.pickup.minecraft.bed":1,"stat.pickup.conarm.book":1,"stat.pickup.minecraft.wheat_seeds":5,"stat.mineBlock.minecraft.sand":5,"stat.pickup.minecraft.potato":34,"stat.killEntity.Witch":1,"stat.pickup.minecraft.rabbit_hide":1,"stat.useItem.minecraft.stone_pickaxe":84,"stat.damageDealt":6386,"stat.killEntity.Rabbit":1,"stat.pickup.baubles.ring":1,"stat.sleepInBed":3,"stat.timeSinceDeath":133762,"stat.killEntity.Cow":5,"stat.mineBlock.minecraft.dirt":12,"stat.craftItem.minecraft.wooden_pickaxe":1,"stat.killEntity.Pig":16,"stat.drop.minecraft.spider_eye":1,"stat.mineBlock.thaumcraft.log_silverwood":2,"stat.pickup.minecraft.mutton":16,"stat.walkOneCm":200074,"stat.pickup.minecraft.golden_apple":2,"stat.craftItem.umm3185118519.pearl_boots":1,"stat.drop.gravestone.death_info":1,"stat.pickup.minecraft.stick":14,"stat.useItem.minecraft.potato":11,"stat.pickup.minecraft.wooden_axe":1,"stat.pickup.minecraft.crafting_table":2,"stat.useItem.minecraft.cobblestone":1,"stat.furnaceInteraction":47,"stat.craftItem.minecraft.crafting_table":1,"stat.craftItem.tconstruct.throwball":4,"stat.mineBlock.minecraft.double_plant":1,"stat.useItem.minecraft.cooked_porkchop":15,"stat.killEntity.ZombieVillager":2,"stat.mineBlock.minecraft.coal_ore":55,"stat.killEntity.Creeper":1,"stat.talkedToVillager":10,"stat.pickup.minecraft.log":16,"stat.craftItem.umm3185118519.pearl_leggings":1,"stat.pickup.umm3185118519.pearl_ore":27,"stat.pickup.minecraft.beef":11,"stat.mineBlock.umm3185118519.pearl_ore":24,"stat.useItem.minecraft.cooked_mutton":3,"stat.craftItem.minecraft.stone_slab2":0,"stat.pickup.minecraft.stone":13,"stat.pickup.minecraft.chicken":4,"stat.drop.minecraft.potato":1,"stat.pickup.minecraft.sapling":4,"stat.sprintOneCm":224626,"stat.craftItem.minecraft.stick":20,"stat.craftItem.minecraft.wooden_axe":1,"stat.drop.thaumcraft.nugget":1,"stat.killEntity.Skeleton":5,"stat.pickup.ironbackpacks.backpack":1,"stat.craftItem.minecraft.planks":44,"stat.craftItem.thaumcraft.plank_silverwood":8,"stat.craftItem.minecraft.stone":4,"stat.killEntity.Chicken":4,"stat.pickup.thaumcraft.plank_silverwood":1,"stat.craftItem.umm3185118519.pearl_helmet":1,"stat.mineBlock.thaumcraft.crystal_ordo":1,"stat.mineBlock.minecraft.crafting_table":1,"stat.pickup.thaumcraft.nugget":2,"stat.killEntity.Husk":3,"stat.useItem.minecraft.carrot":2,"stat.mobKills":52,"stat.drop.minecraft.golden_apple":1,"stat.useItem.thaumcraft.curio":4,"stat.mineBlock.minecraft.log":16,"stat.craftItem.umm3185118519.pearl_chestplate":1,"stat.craftItem.minecraft.cooked_chicken":4,"stat.deaths":1,"stat.drop":18,"stat.pickup.minecraft.egg":8,"stat.playOneMinute":164116,"stat.useItem.umm3185118519.pearl_pickaxe":39,"stat.pickup.minecraft.torch":5,"stat.killEntity.Sheep":10,"stat.pickup.thaumcraft.brain":1,"stat.sneakTime":3632,"stat.pickup.thaumcraft.amber":20,"stat.pickup.minecraft.wool":10,"stat.pickup.minecraft.rabbit":2,"stat.killEntity.Zombie":3,"stat.useItem.minecraft.wooden_axe":42,"stat.drop.minecraft.iron_ingot":7,"stat.mineBlock.minecraft.stone":30,"stat.mineBlock.minecraft.tallgrass":35,"stat.craftItem.minecraft.cooked_mutton":16,"stat.diveOneCm":18512,"stat.pickup.minecraft.cooked_mutton":1}