{"stat.craftItem.umm3185118519.ruby_axe":1,"stat.pickup.thaumcraft.stairs_silverwood":4,"stat.pickup.tconstruct.book":1,"stat.craftItem.umm3185118519.pearl":7,"stat.pickup.minecraft.bone":6,"stat.craftItem.minecraft.cooked_rabbit":1,"stat.pickup.minecraft.stone_pressure_plate":2,"stat.mineBlock.thaumcraft.leaves_silverwood":1,"stat.leaveGame":1,"stat.mineBlock.minecraft.cobblestone":3,"stat.mineBlock.thaumcraft.ore_quartz":4,"stat.pickup.minecraft.stone_pickaxe":2,"stat.useItem.thaumcraft.stairs_silverwood":5,"stat.pickup.minecraft.flint":11,"stat.craftItem.tconstruct.faucet":2,"stat.mineBlock.minecraft.sandstone":2,"stat.useItem.minecraft.mutton":1,"stat.swimOneCm":30435,"stat.pickup.tconstruct.faucet":1,"stat.useItem.minecraft.planks":1,"stat.climbOneCm":2676,"stat.craftItem.minecraft.shield":1,"stat.craftItem.umm3185118519.aquamarine_pickaxe":1,"stat.pickup.minecraft.cooked_porkchop":8,"stat.mineBlock.gravestone.gravestone":1,"stat.useItem.minecraft.dirt":215,"stat.useItem.minecraft.stone_slab2":116,"stat.pickup.minecraft.bow":2,"stat.useItem.minecraft.water_bucket":3,"stat.pickup.minecraft.rotten_flesh":38,"stat.pickup.minecraft.sand":113,"stat.craftItem.minecraft.furnace":4,"stat.useItem.umm3185118519.ruby_spade":450,"stat.useItem.minecraft.egg":1,"stat.craftItem.minecraft.trapdoor":2,"stat.craftItem.minecraft.stone_pickaxe":1,"stat.craftItem.minecraft.cooked_beef":49,"stat.killEntity.Enderman":1,"stat.craftItem.additional_lights.al_torch_stone":8,"stat.pickup.minecraft.cobblestone":269,"stat.craftItem.tconstruct.casting":2,"stat.useItem.thaumcraft.plank_silverwood":70,"stat.craftItem.minecraft.bow":1,"stat.mineBlock.minecraft.clay":64,"stat.drop.minecraft.rabbit_hide":1,"stat.flyOneCm":585068,"stat.pickup.minecraft.sandstone":3,"stat.mineBlock.minecraft.sand":113,"stat.useItem.minecraft.cooked_beef":17,"stat.pickup.minecraft.cactus":1,"stat.mineBlock.minecraft.iron_ore":96,"stat.timeSinceDeath":226912,"stat.pickup.minecraft.stained_hardened_clay":3,"stat.craftItem.minecraft.wooden_pickaxe":1,"stat.drop.minecraft.spider_eye":1,"stat.pickup.minecraft.mutton":27,"stat.mineBlock.thaumcraft.log_silverwood":72,"stat.drop.minecraft.cooked_mutton":1,"stat.craftItem.minecraft.bed":2,"stat.useItem.minecraft.potato":10,"stat.pickup.minecraft.wooden_axe":1,"stat.craftItem.tconstruct.seared":43,"stat.furnaceInteraction":172,"stat.drop.minecraft.dirt":13,"stat.killEntity.ZombieVillager":1,"stat.mineBlock.minecraft.coal_ore":202,"stat.killEntity.Creeper":4,"stat.talkedToVillager":3,"stat.craftItem.tconstruct.soil":224,"stat.drop.ironbackpacks.backpack":1,"stat.pickup.minecraft.string":6,"stat.mineBlock.minecraft.ladder":2,"stat.mineBlock.additional_lights.al_torch_stone":1,"stat.pickup.minecraft.beef":53,"stat.useItem.umm3185118519.aquamarine_pickaxe":574,"stat.pickup.minecraft.furnace":5,"stat.useItem.minecraft.cooked_mutton":9,"stat.craftItem.minecraft.stone_slab2":0,"stat.pickup.thaumcraft.shimmerleaf":5,"stat.useItem.minecraft.written_book":1,"stat.craftItem.tconstruct.tooltables":4,"stat.mineBlock.thaumcraft.cinderpearl":10,"stat.mineBlock.minecraft.stained_hardened_clay":1,"stat.useItem.minecraft.trapdoor":1,"stat.sprintOneCm":456160,"stat.craftItem.minecraft.stick":72,"stat.craftItem.minecraft.wooden_axe":1,"stat.useItem.thaumcraft.log_silverwood":17,"stat.craftItem.thaumcraft.plank_silverwood":100,"stat.craftItem.minecraft.stone":116,"stat.pickup.thaumcraft.plank_silverwood":10,"stat.pickup.thaumcraft.crystal_essence":31,"stat.craftItem.umm3185118519.pearl_helmet":1,"stat.mineBlock.minecraft.crafting_table":6,"stat.pickup.thaumcraft.nugget":2,"stat.useItem.minecraft.carrot":8,"stat.useItem.umm3185118519.pearl_sword":84,"stat.mineBlock.minecraft.planks":1,"stat.drop":16,"stat.pickup.minecraft.egg":2,"stat.playOneMinute":226912,"stat.mineBlock.minecraft.stone_pressure_plate":1,"stat.killEntity.Sheep":13,"stat.useItem.minecraft.ladder":4,"stat.useItem.tconstruct.seared":41,"stat.pickup.thaumcraft.sapling_silverwood":1,"stat.killEntity.Zombie":23,"stat.craftItem.conarm.armorstation":1,"stat.mineBlock.minecraft.tallgrass":46,"stat.craftItem.minecraft.cooked_mutton":10,"stat.diveOneCm":20898,"stat.pickup.minecraft.cooked_mutton":8,"stat.pickup.tconstruct.seared":7,"stat.chestOpened":94,"stat.pickup.tconstruct.tooltables":4,"stat.useItem.minecraft.cooked_rabbit":1,"stat.mineBlock.thaumcraft.stairs_silverwood":4,"stat.craftItem.ironbackpacks.backpack":5,"stat.pickup.minecraft.record_strad":1,"stat.killEntity.BrainyZombie":1,"stat.craftItem.minecraft.ladder":3,"stat.mineBlock.conarm.armorstation":1,"stat.useItem.minecraft.stone":3,"stat.pickup.tconstruct.casting":1,"stat.pickup.thaumcraft.log_silverwood":74,"stat.pickup.thaumcraft.curio":2,"stat.pickup.minecraft.gravel":98,"stat.mineBlock.tconstruct.seared_furnace_controller":2,"stat.pickup.minecraft.arrow":14,"stat.drop.minecraft.cooked_beef":1,"stat.craftItem.minecraft.cooked_porkchop":13,"stat.pickup.minecraft.stone_axe":1,"stat.pickup.thaumcraft.sapling_greatwood":1,"stat.mineBlock.tconstruct.faucet":1,"stat.useItem.umm3185118519.ruby_axe":237,"stat.pickup.tconstruct.seared_furnace_controller":2,"stat.drop.minecraft.cooked_porkchop":8,"stat.jump":2520,"stat.craftItem.umm3185118519.ruby_spade":1,"stat.useItem.minecraft.sand":10,"stat.pickup.minecraft.coal":241,"stat.fallOneCm":121590,"stat.pickup.minecraft.carrot":19,"stat.pickup.minecraft.gunpowder":6,"stat.craftItem.umm3185118519.aquamarine":3,"stat.crouchOneCm":16199,"stat.mineBlock.minecraft.chest":5,"stat.mineBlock.thaumcraft.plank_silverwood":10,"stat.pickup.minecraft.spider_eye":2,"stat.craftItem.minecraft.torch":172,"stat.craftItem.minecraft.iron_ingot":30,"stat.craftItem.minecraft.chest":4,"stat.pickup.minecraft.dirt":472,"stat.craftItem.mo_swords.porksword":2,"stat.craftItem.thaumcraft.stairs_silverwood":4,"stat.drop.minecraft.bed":2,"stat.pickup.thaumcraft.cinderpearl":19,"stat.craftingTableInteraction":65,"stat.pickup.minecraft.iron_ore":96,"stat.pickup.conarm.armorstation":1,"stat.mineBlock.tconstruct.tooltables":4,"stat.craftItem.tconstruct.pattern":8,"stat.mineBlock.minecraft.log2":5,"stat.pickup.minecraft.wooden_pickaxe":1,"stat.pickup.minecraft.leather":26,"stat.damageTaken":1597,"stat.craftItem.umm3185118519.pearl_sword":1,"stat.mineBlock.minecraft.furnace":5,"stat.mineBlock.minecraft.torch":4,"stat.useItem.minecraft.wooden_pickaxe":19,"stat.useItem.minecraft.furnace":2,"stat.useItem.minecraft.reeds":5,"stat.craftItem.tconstruct.materials":224,"stat.pickup.minecraft.log2":5,"stat.pickup.minecraft.dye":2,"stat.pickup.minecraft.planks":25,"stat.pickup.minecraft.reeds":6,"stat.pickup.minecraft.bed":7,"stat.pickup.minecraft.wheat_seeds":10,"stat.pickup.conarm.book":1,"stat.pickup.minecraft.potato":22,"stat.pickup.minecraft.rabbit_hide":1,"stat.mineBlock.minecraft.gravel":111,"stat.useItem.minecraft.stone_pickaxe":16,"stat.craftItem.tconstruct.seared_tank":1,"stat.craftItem.tconstruct.seared_furnace_controller":1,"stat.damageDealt":12857,"stat.craftItem.minecraft.glass":1,"stat.sleepInBed":12,"stat.craftItem.minecraft.baked_potato":22,"stat.killEntity.Cow":23,"stat.mineBlock.minecraft.dirt":170,"stat.pickup.minecraft.record_13":1,"stat.mineBlock.umm3185118519.aquamarine_ore":3,"stat.walkOneCm":393456,"stat.useItem.minecraft.torch":154,"stat.pickup.minecraft.golden_apple":3,"stat.animalsBred":1,"stat.pickup.umm3185118519.aquamarine_ore":3,"stat.playerKills":1,"stat.craftItem.tconstruct.smeltery_io":1,"stat.pickup.minecraft.stick":12,"stat.drop.minecraft.rotten_flesh":1,"stat.pickup.minecraft.crafting_table":7,"stat.pickup.minecraft.clay_ball":256,"stat.useItem.minecraft.cobblestone":4,"stat.craftItem.minecraft.crafting_table":7,"stat.craftItem.tconstruct.throwball":7,"stat.useItem.minecraft.gravel":2,"stat.mineBlock.minecraft.double_plant":2,"stat.mineBlock.thaumcraft.crystal_aer":5,"stat.useItem.minecraft.lava_bucket":1,"stat.pickup.additional_lights.al_torch_stone":5,"stat.pickup.minecraft.log":21,"stat.useItem.tconstruct.faucet":2,"stat.pickup.umm3185118519.pearl_ore":13,"stat.pickup.umm3185118519.ruby":11,"stat.mineBlock.umm3185118519.pearl_ore":10,"stat.pickup.minecraft.tnt":9,"stat.drop.umm3185118519.pearl_ore":4,"stat.pickup.minecraft.stone":27,"stat.pickup.minecraft.chicken":1,"stat.pickup.minecraft.sapling":6,"stat.mineBlock.umm3185118519.ruby_ore":10,"stat.pickup.minecraft.ladder":5,"stat.craftItem.tconstruct.smeltery_controller":1,"stat.killEntity.Skeleton":9,"stat.mineBlock.thaumcraft.shimmerleaf":5,"stat.mineBlock.minecraft.tnt":9,"stat.mineBlock.minecraft.cactus":1,"stat.craftItem.minecraft.bucket":5,"stat.craftItem.minecraft.planks":120,"stat.killEntity.Chicken":1,"stat.killEntity.Spider":8,"stat.craftItem.minecraft.fishing_rod":1,"stat.mobKills":84,"stat.pickup.minecraft.book":21,"stat.mineBlock.minecraft.log":21,"stat.mineBlock.minecraft.bookshelf":7,"stat.pickup.minecraft.quartz":4,"stat.useItem.additional_lights.al_torch_stone":7,"stat.mineBlock.minecraft.leaves":16,"stat.pickup.minecraft.torch":10,"stat.mineBlock.tconstruct.seared":7,"stat.pickup.thaumcraft.brain":2,"stat.sneakTime":4441,"stat.pickup.thaumcraft.amber":3,"stat.mineBlock.tconstruct.casting":1,"stat.pickup.minecraft.wool":13,"stat.useItem.minecraft.baked_potato":1,"stat.useItem.minecraft.wooden_axe":29,"stat.mineBlock.minecraft.stone":247,"stat.pickup.minecraft.chest":5}